<?xml version="1.0" encoding="UTF-8"?>
<!DOCTYPE suite SYSTEM "http://testng.org/testng-1.0.dtd">
<suite name="flight_reservation_suite" parallel="true">

	
	<test name="test1">
		<parameter name="browserName" value="cr" />
		<parameter name="url" value="http://newtours.demoaut.com" />
		<classes>
			<class name="com.newtours.testcases.BookFlight" />
		</classes>
	</test>
	
	<test name="test2">
		<parameter name="browserName" value="ff" />
		<parameter name="url" value="http://newtours.demoaut.com" />
		<classes>
			<class name="com.newtours.testcases.BookFlight" />
		</classes>
	</test>
	
	<test name="test3">
		<parameter name="browserName" value="ie" />
		<parameter name="url" value="http://newtours.demoaut.com" />
		<classes>
			<class name="com.newtours.testcases.BookFlight" />
		</classes>
	</test>
	</suite> 